title,company,skills,date_posted
Senior Python Backend Engineer,Orga AI,"Python, Senior, Backend, Ops, Startup, AWS",2025-06-26T11:26:17+00:00
Senior Backend Engineer,HockeyStack,"JavaScript, Backend, API, Engineer",2025-06-26T00:00:06+00:00
Software Engineer,Jump,"Engineer, Full Time, API",2025-06-25T17:17:07+00:00
React Native Developer,Interviews Chat,React Native,2025-06-25T17:36:57+00:00
Senior Fullstack Developer,Swipe Games,"Front End, Backend, Full Stack, JavaScript, Node, React",2025-06-24T09:44:52+00:00
Senior Full Stack Developer,Zammad,"Full Stack, Full Time",2025-06-23T00:00:05+00:00
Senior Full Stack Engineer,AMK Solutions,,2025-06-19T02:33:42+00:00
Founding Engineer,Teracy,Full Stack,2025-06-18T22:44:47+00:00
Senior AI Engineer Python & LLM Engineer,Lemon.io,"Python, AWS, GCP, Azure, Openai, Llm, JavaScript, React, Ruby, React Native, Node, Blockchain, Svelte, Ui/ux, Design, Product Design, Shopify, Typescript, Figma, Wordpress, Engineer, Senior, English, Backend, Full Time, Remote",2025-06-17T14:32:25+00:00
Lead Data Engineer,Open Architects,"Engineer, DevOps, Python, Data, DataOps",2025-06-02T22:32:54+00:00
Javascript Fullstack Engineer Senior,Lumenalta,"Engineer, JavaScript",2025-06-08T00:00:07+00:00
Software Engineer,ControlShift,"Ruby, Vue",2025-06-06T16:04:08+00:00
Tech Cofounder CTO,Founders Factory,"Full Stack, API, Engineer, Senior, Mobile",2025-05-29T11:44:49+00:00
Senior React Native SDK Engineer,Nami ML,"JavaScript, React Native, Mobile, Typescript",2025-05-29T22:36:46+00:00
Senior Account Lead,Sanctuary Computer,"Executive, Sys Admin, SaaS, DevOps",2025-05-26T15:46:29+00:00
Spanish Speaking Software Support Engineer,Payara,"Engineer, Java",2025-05-26T09:05:18+00:00
Administrative Executive,Prime Design & Build,"Sys Admin, Design, Executive, Admin, Virtual Assistant, Other, Non Tech",2025-04-19T14:29:22+00:00
Senior Software Engineer,Emergent Software,"Software, Design, React, Front End, Training, Consulting, Technical, UX, Code, Web, Scrum, DevOps, JavaScript, Cloud, Microsoft, Mobile, Management, Lead, Senior, Healthcare, Engineer, Engineering, Backend",2025-04-12T16:01:56+00:00
Full Stack Developer,Incyte Studios,"Engineer, Full Stack",2025-04-06T00:00:05+00:00
Senior Python Backend Engineer,Orga AI,"Python, Senior, Backend, Ops, Startup, AWS",2025-06-26T11:26:17+00:00
Senior Backend Engineer,HockeyStack,"JavaScript, Backend, API, Engineer",2025-06-26T00:00:06+00:00
Software Engineer,Jump,"Engineer, Full Time, API",2025-06-25T17:17:07+00:00
React Native Developer,Interviews Chat,React Native,2025-06-25T17:36:57+00:00
Senior Fullstack Developer,Swipe Games,"Front End, Backend, Full Stack, JavaScript, Node, React",2025-06-24T09:44:52+00:00
Senior Full Stack Developer,Zammad,"Full Stack, Full Time",2025-06-23T00:00:05+00:00
Senior Full Stack Engineer,AMK Solutions,,2025-06-19T02:33:42+00:00
Founding Engineer,Teracy,Full Stack,2025-06-18T22:44:47+00:00
Senior AI Engineer Python & LLM Engineer,Lemon.io,"Python, AWS, GCP, Azure, Openai, Llm, JavaScript, React, Ruby, React Native, Node, Blockchain, Svelte, Ui/ux, Design, Product Design, Shopify, Typescript, Figma, Wordpress, Engineer, Senior, English, Backend, Full Time, Remote",2025-06-17T14:32:25+00:00
Lead Data Engineer,Open Architects,"Engineer, DevOps, Python, Data, DataOps",2025-06-02T22:32:54+00:00
Javascript Fullstack Engineer Senior,Lumenalta,"Engineer, JavaScript",2025-06-08T00:00:07+00:00
Software Engineer,ControlShift,"Ruby, Vue",2025-06-06T16:04:08+00:00
Tech Cofounder CTO,Founders Factory,"Full Stack, API, Engineer, Senior, Mobile",2025-05-29T11:44:49+00:00
Senior React Native SDK Engineer,Nami ML,"JavaScript, React Native, Mobile, Typescript",2025-05-29T22:36:46+00:00
Senior Account Lead,Sanctuary Computer,"Executive, Sys Admin, SaaS, DevOps",2025-05-26T15:46:29+00:00
Spanish Speaking Software Support Engineer,Payara,"Engineer, Java",2025-05-26T09:05:18+00:00
Administrative Executive,Prime Design & Build,"Sys Admin, Design, Executive, Admin, Virtual Assistant, Other, Non Tech",2025-04-19T14:29:22+00:00
Senior Software Engineer,Emergent Software,"Software, Design, React, Front End, Training, Consulting, Technical, UX, Code, Web, Scrum, DevOps, JavaScript, Cloud, Microsoft, Mobile, Management, Lead, Senior, Healthcare, Engineer, Engineering, Backend",2025-04-12T16:01:56+00:00
Full Stack Developer,Incyte Studios,"Engineer, Full Stack",2025-04-06T00:00:05+00:00
Senior Python Backend Engineer,Orga AI,"Python, Senior, Backend, Ops, Startup, AWS",2025-06-26T11:26:17+00:00
Senior Backend Engineer,HockeyStack,"JavaScript, Backend, API, Engineer",2025-06-26T00:00:06+00:00
Software Engineer,Jump,"Engineer, Full Time, API",2025-06-25T17:17:07+00:00
React Native Developer,Interviews Chat,React Native,2025-06-25T17:36:57+00:00
Senior Fullstack Developer,Swipe Games,"Front End, Backend, Full Stack, JavaScript, Node, React",2025-06-24T09:44:52+00:00
Senior Full Stack Developer,Zammad,"Full Stack, Full Time",2025-06-23T00:00:05+00:00
Senior Full Stack Engineer,AMK Solutions,,2025-06-19T02:33:42+00:00
Founding Engineer,Teracy,Full Stack,2025-06-18T22:44:47+00:00
Senior AI Engineer Python & LLM Engineer,Lemon.io,"Python, AWS, GCP, Azure, Openai, Llm, JavaScript, React, Ruby, React Native, Node, Blockchain, Svelte, Ui/ux, Design, Product Design, Shopify, Typescript, Figma, Wordpress, Engineer, Senior, English, Backend, Full Time, Remote",2025-06-17T14:32:25+00:00
Lead Data Engineer,Open Architects,"Engineer, DevOps, Python, Data, DataOps",2025-06-02T22:32:54+00:00
Javascript Fullstack Engineer Senior,Lumenalta,"Engineer, JavaScript",2025-06-08T00:00:07+00:00
Software Engineer,ControlShift,"Ruby, Vue",2025-06-06T16:04:08+00:00
Tech Cofounder CTO,Founders Factory,"Full Stack, API, Engineer, Senior, Mobile",2025-05-29T11:44:49+00:00
Senior React Native SDK Engineer,Nami ML,"JavaScript, React Native, Mobile, Typescript",2025-05-29T22:36:46+00:00
Senior Account Lead,Sanctuary Computer,"Executive, Sys Admin, SaaS, DevOps",2025-05-26T15:46:29+00:00
Spanish Speaking Software Support Engineer,Payara,"Engineer, Java",2025-05-26T09:05:18+00:00
Administrative Executive,Prime Design & Build,"Sys Admin, Design, Executive, Admin, Virtual Assistant, Other, Non Tech",2025-04-19T14:29:22+00:00
Senior Software Engineer,Emergent Software,"Software, Design, React, Front End, Training, Consulting, Technical, UX, Code, Web, Scrum, DevOps, JavaScript, Cloud, Microsoft, Mobile, Management, Lead, Senior, Healthcare, Engineer, Engineering, Backend",2025-04-12T16:01:56+00:00
Full Stack Developer,Incyte Studios,"Engineer, Full Stack",2025-04-06T00:00:05+00:00
Senior Python Backend Engineer,Orga AI,"Python, Senior, Backend, Ops, Startup, AWS",2025-06-26T11:26:17+00:00
Senior Backend Engineer,HockeyStack,"JavaScript, Backend, API, Engineer",2025-06-26T00:00:06+00:00
Software Engineer,Jump,"Engineer, Full Time, API",2025-06-25T17:17:07+00:00
React Native Developer,Interviews Chat,React Native,2025-06-25T17:36:57+00:00
Senior Fullstack Developer,Swipe Games,"Front End, Backend, Full Stack, JavaScript, Node, React",2025-06-24T09:44:52+00:00
Senior Full Stack Developer,Zammad,"Full Stack, Full Time",2025-06-23T00:00:05+00:00
Senior Full Stack Engineer,AMK Solutions,,2025-06-19T02:33:42+00:00
Founding Engineer,Teracy,Full Stack,2025-06-18T22:44:47+00:00
Senior AI Engineer Python & LLM Engineer,Lemon.io,"Python, AWS, GCP, Azure, Openai, Llm, JavaScript, React, Ruby, React Native, Node, Blockchain, Svelte, Ui/ux, Design, Product Design, Shopify, Typescript, Figma, Wordpress, Engineer, Senior, English, Backend, Full Time, Remote",2025-06-17T14:32:25+00:00
Lead Data Engineer,Open Architects,"Engineer, DevOps, Python, Data, DataOps",2025-06-02T22:32:54+00:00
Javascript Fullstack Engineer Senior,Lumenalta,"Engineer, JavaScript",2025-06-08T00:00:07+00:00
Software Engineer,ControlShift,"Ruby, Vue",2025-06-06T16:04:08+00:00
Tech Cofounder CTO,Founders Factory,"Full Stack, API, Engineer, Senior, Mobile",2025-05-29T11:44:49+00:00
Senior React Native SDK Engineer,Nami ML,"JavaScript, React Native, Mobile, Typescript",2025-05-29T22:36:46+00:00
Senior Account Lead,Sanctuary Computer,"Executive, Sys Admin, SaaS, DevOps",2025-05-26T15:46:29+00:00
Spanish Speaking Software Support Engineer,Payara,"Engineer, Java",2025-05-26T09:05:18+00:00
Administrative Executive,Prime Design & Build,"Sys Admin, Design, Executive, Admin, Virtual Assistant, Other, Non Tech",2025-04-19T14:29:22+00:00
Senior Software Engineer,Emergent Software,"Software, Design, React, Front End, Training, Consulting, Technical, UX, Code, Web, Scrum, DevOps, JavaScript, Cloud, Microsoft, Mobile, Management, Lead, Senior, Healthcare, Engineer, Engineering, Backend",2025-04-12T16:01:56+00:00
Full Stack Developer,Incyte Studios,"Engineer, Full Stack",2025-04-06T00:00:05+00:00
Senior Python Backend Engineer,Orga AI,"Python, Senior, Backend, Ops, Startup, AWS",2025-06-26T11:26:17+00:00
Senior Backend Engineer,HockeyStack,"JavaScript, Backend, API, Engineer",2025-06-26T00:00:06+00:00
Software Engineer,Jump,"Engineer, Full Time, API",2025-06-25T17:17:07+00:00
React Native Developer,Interviews Chat,React Native,2025-06-25T17:36:57+00:00
Senior Fullstack Developer,Swipe Games,"Front End, Backend, Full Stack, JavaScript, Node, React",2025-06-24T09:44:52+00:00
Senior Full Stack Developer,Zammad,"Full Stack, Full Time",2025-06-23T00:00:05+00:00
Senior Full Stack Engineer,AMK Solutions,,2025-06-19T02:33:42+00:00
Founding Engineer,Teracy,Full Stack,2025-06-18T22:44:47+00:00
Senior AI Engineer Python & LLM Engineer,Lemon.io,"Python, AWS, GCP, Azure, Openai, Llm, JavaScript, React, Ruby, React Native, Node, Blockchain, Svelte, Ui/ux, Design, Product Design, Shopify, Typescript, Figma, Wordpress, Engineer, Senior, English, Backend, Full Time, Remote",2025-06-17T14:32:25+00:00
Lead Data Engineer,Open Architects,"Engineer, DevOps, Python, Data, DataOps",2025-06-02T22:32:54+00:00
Javascript Fullstack Engineer Senior,Lumenalta,"Engineer, JavaScript",2025-06-08T00:00:07+00:00
Software Engineer,ControlShift,"Ruby, Vue",2025-06-06T16:04:08+00:00
Tech Cofounder CTO,Founders Factory,"Full Stack, API, Engineer, Senior, Mobile",2025-05-29T11:44:49+00:00
Senior React Native SDK Engineer,Nami ML,"JavaScript, React Native, Mobile, Typescript",2025-05-29T22:36:46+00:00
Senior Account Lead,Sanctuary Computer,"Executive, Sys Admin, SaaS, DevOps",2025-05-26T15:46:29+00:00
Spanish Speaking Software Support Engineer,Payara,"Engineer, Java",2025-05-26T09:05:18+00:00
Administrative Executive,Prime Design & Build,"Sys Admin, Design, Executive, Admin, Virtual Assistant, Other, Non Tech",2025-04-19T14:29:22+00:00
Senior Software Engineer,Emergent Software,"Software, Design, React, Front End, Training, Consulting, Technical, UX, Code, Web, Scrum, DevOps, JavaScript, Cloud, Microsoft, Mobile, Management, Lead, Senior, Healthcare, Engineer, Engineering, Backend",2025-04-12T16:01:56+00:00
Full Stack Developer,Incyte Studios,"Engineer, Full Stack",2025-04-06T00:00:05+00:00
Senior Python Backend Engineer,Orga AI,"Python, Senior, Backend, Ops, Startup, AWS",2025-06-26T11:26:17+00:00
Senior Backend Engineer,HockeyStack,"JavaScript, Backend, API, Engineer",2025-06-26T00:00:06+00:00
Software Engineer,Jump,"Engineer, Full Time, API",2025-06-25T17:17:07+00:00
React Native Developer,Interviews Chat,React Native,2025-06-25T17:36:57+00:00
Senior Fullstack Developer,Swipe Games,"Front End, Backend, Full Stack, JavaScript, Node, React",2025-06-24T09:44:52+00:00
Senior Full Stack Developer,Zammad,"Full Stack, Full Time",2025-06-23T00:00:05+00:00
Senior Full Stack Engineer,AMK Solutions,,2025-06-19T02:33:42+00:00
Founding Engineer,Teracy,Full Stack,2025-06-18T22:44:47+00:00
Senior AI Engineer Python & LLM Engineer,Lemon.io,"Python, AWS, GCP, Azure, Openai, Llm, JavaScript, React, Ruby, React Native, Node, Blockchain, Svelte, Ui/ux, Design, Product Design, Shopify, Typescript, Figma, Wordpress, Engineer, Senior, English, Backend, Full Time, Remote",2025-06-17T14:32:25+00:00
Lead Data Engineer,Open Architects,"Engineer, DevOps, Python, Data, DataOps",2025-06-02T22:32:54+00:00
Javascript Fullstack Engineer Senior,Lumenalta,"Engineer, JavaScript",2025-06-08T00:00:07+00:00
Software Engineer,ControlShift,"Ruby, Vue",2025-06-06T16:04:08+00:00
Tech Cofounder CTO,Founders Factory,"Full Stack, API, Engineer, Senior, Mobile",2025-05-29T11:44:49+00:00
Senior React Native SDK Engineer,Nami ML,"JavaScript, React Native, Mobile, Typescript",2025-05-29T22:36:46+00:00
Senior Account Lead,Sanctuary Computer,"Executive, Sys Admin, SaaS, DevOps",2025-05-26T15:46:29+00:00
Spanish Speaking Software Support Engineer,Payara,"Engineer, Java",2025-05-26T09:05:18+00:00
Administrative Executive,Prime Design & Build,"Sys Admin, Design, Executive, Admin, Virtual Assistant, Other, Non Tech",2025-04-19T14:29:22+00:00
Senior Software Engineer,Emergent Software,"Software, Design, React, Front End, Training, Consulting, Technical, UX, Code, Web, Scrum, DevOps, JavaScript, Cloud, Microsoft, Mobile, Management, Lead, Senior, Healthcare, Engineer, Engineering, Backend",2025-04-12T16:01:56+00:00
Full Stack Developer,Incyte Studios,"Engineer, Full Stack",2025-04-06T00:00:05+00:00
Senior Python Backend Engineer,Orga AI,"Python, Senior, Backend, Ops, Startup, AWS",2025-06-26T11:26:17+00:00
Senior Backend Engineer,HockeyStack,"JavaScript, Backend, API, Engineer",2025-06-26T00:00:06+00:00
Software Engineer,Jump,"Engineer, Full Time, API",2025-06-25T17:17:07+00:00
React Native Developer,Interviews Chat,React Native,2025-06-25T17:36:57+00:00
Senior Fullstack Developer,Swipe Games,"Front End, Backend, Full Stack, JavaScript, Node, React",2025-06-24T09:44:52+00:00
Senior Full Stack Developer,Zammad,"Full Stack, Full Time",2025-06-23T00:00:05+00:00
Senior Full Stack Engineer,AMK Solutions,,2025-06-19T02:33:42+00:00
Founding Engineer,Teracy,Full Stack,2025-06-18T22:44:47+00:00
Senior AI Engineer Python & LLM Engineer,Lemon.io,"Python, AWS, GCP, Azure, Openai, Llm, JavaScript, React, Ruby, React Native, Node, Blockchain, Svelte, Ui/ux, Design, Product Design, Shopify, Typescript, Figma, Wordpress, Engineer, Senior, English, Backend, Full Time, Remote",2025-06-17T14:32:25+00:00
Lead Data Engineer,Open Architects,"Engineer, DevOps, Python, Data, DataOps",2025-06-02T22:32:54+00:00
Javascript Fullstack Engineer Senior,Lumenalta,"Engineer, JavaScript",2025-06-08T00:00:07+00:00
Software Engineer,ControlShift,"Ruby, Vue",2025-06-06T16:04:08+00:00
Tech Cofounder CTO,Founders Factory,"Full Stack, API, Engineer, Senior, Mobile",2025-05-29T11:44:49+00:00
Senior React Native SDK Engineer,Nami ML,"JavaScript, React Native, Mobile, Typescript",2025-05-29T22:36:46+00:00
Senior Account Lead,Sanctuary Computer,"Executive, Sys Admin, SaaS, DevOps",2025-05-26T15:46:29+00:00
Spanish Speaking Software Support Engineer,Payara,"Engineer, Java",2025-05-26T09:05:18+00:00
Administrative Executive,Prime Design & Build,"Sys Admin, Design, Executive, Admin, Virtual Assistant, Other, Non Tech",2025-04-19T14:29:22+00:00
Senior Software Engineer,Emergent Software,"Software, Design, React, Front End, Training, Consulting, Technical, UX, Code, Web, Scrum, DevOps, JavaScript, Cloud, Microsoft, Mobile, Management, Lead, Senior, Healthcare, Engineer, Engineering, Backend",2025-04-12T16:01:56+00:00
Full Stack Developer,Incyte Studios,"Engineer, Full Stack",2025-04-06T00:00:05+00:00
Senior Python Backend Engineer,Orga AI,"Python, Senior, Backend, Ops, Startup, AWS",2025-06-26T11:26:17+00:00
Senior Backend Engineer,HockeyStack,"JavaScript, Backend, API, Engineer",2025-06-26T00:00:06+00:00
Software Engineer,Jump,"Engineer, Full Time, API",2025-06-25T17:17:07+00:00
React Native Developer,Interviews Chat,React Native,2025-06-25T17:36:57+00:00
Senior Fullstack Developer,Swipe Games,"Front End, Backend, Full Stack, JavaScript, Node, React",2025-06-24T09:44:52+00:00
Senior Full Stack Developer,Zammad,"Full Stack, Full Time",2025-06-23T00:00:05+00:00
Senior Full Stack Engineer,AMK Solutions,,2025-06-19T02:33:42+00:00
Founding Engineer,Teracy,Full Stack,2025-06-18T22:44:47+00:00
Senior AI Engineer Python & LLM Engineer,Lemon.io,"Python, AWS, GCP, Azure, Openai, Llm, JavaScript, React, Ruby, React Native, Node, Blockchain, Svelte, Ui/ux, Design, Product Design, Shopify, Typescript, Figma, Wordpress, Engineer, Senior, English, Backend, Full Time, Remote",2025-06-17T14:32:25+00:00
Lead Data Engineer,Open Architects,"Engineer, DevOps, Python, Data, DataOps",2025-06-02T22:32:54+00:00
Javascript Fullstack Engineer Senior,Lumenalta,"Engineer, JavaScript",2025-06-08T00:00:07+00:00
Software Engineer,ControlShift,"Ruby, Vue",2025-06-06T16:04:08+00:00
Tech Cofounder CTO,Founders Factory,"Full Stack, API, Engineer, Senior, Mobile",2025-05-29T11:44:49+00:00
Senior React Native SDK Engineer,Nami ML,"JavaScript, React Native, Mobile, Typescript",2025-05-29T22:36:46+00:00
Senior Account Lead,Sanctuary Computer,"Executive, Sys Admin, SaaS, DevOps",2025-05-26T15:46:29+00:00
Spanish Speaking Software Support Engineer,Payara,"Engineer, Java",2025-05-26T09:05:18+00:00
Administrative Executive,Prime Design & Build,"Sys Admin, Design, Executive, Admin, Virtual Assistant, Other, Non Tech",2025-04-19T14:29:22+00:00
Senior Software Engineer,Emergent Software,"Software, Design, React, Front End, Training, Consulting, Technical, UX, Code, Web, Scrum, DevOps, JavaScript, Cloud, Microsoft, Mobile, Management, Lead, Senior, Healthcare, Engineer, Engineering, Backend",2025-04-12T16:01:56+00:00
Full Stack Developer,Incyte Studios,"Engineer, Full Stack",2025-04-06T00:00:05+00:00
Senior Python Backend Engineer,Orga AI,"Python, Senior, Backend, Ops, Startup, AWS",2025-06-26T11:26:17+00:00
Senior Backend Engineer,HockeyStack,"JavaScript, Backend, API, Engineer",2025-06-26T00:00:06+00:00
Software Engineer,Jump,"Engineer, Full Time, API",2025-06-25T17:17:07+00:00
React Native Developer,Interviews Chat,React Native,2025-06-25T17:36:57+00:00
Senior Fullstack Developer,Swipe Games,"Front End, Backend, Full Stack, JavaScript, Node, React",2025-06-24T09:44:52+00:00
Senior Full Stack Developer,Zammad,"Full Stack, Full Time",2025-06-23T00:00:05+00:00
Senior Full Stack Engineer,AMK Solutions,,2025-06-19T02:33:42+00:00
Founding Engineer,Teracy,Full Stack,2025-06-18T22:44:47+00:00
Senior AI Engineer Python & LLM Engineer,Lemon.io,"Python, AWS, GCP, Azure, Openai, Llm, JavaScript, React, Ruby, React Native, Node, Blockchain, Svelte, Ui/ux, Design, Product Design, Shopify, Typescript, Figma, Wordpress, Engineer, Senior, English, Backend, Full Time, Remote",2025-06-17T14:32:25+00:00
Lead Data Engineer,Open Architects,"Engineer, DevOps, Python, Data, DataOps",2025-06-02T22:32:54+00:00
Javascript Fullstack Engineer Senior,Lumenalta,"Engineer, JavaScript",2025-06-08T00:00:07+00:00
Software Engineer,ControlShift,"Ruby, Vue",2025-06-06T16:04:08+00:00
Tech Cofounder CTO,Founders Factory,"Full Stack, API, Engineer, Senior, Mobile",2025-05-29T11:44:49+00:00
Senior React Native SDK Engineer,Nami ML,"JavaScript, React Native, Mobile, Typescript",2025-05-29T22:36:46+00:00
Senior Account Lead,Sanctuary Computer,"Executive, Sys Admin, SaaS, DevOps",2025-05-26T15:46:29+00:00
Spanish Speaking Software Support Engineer,Payara,"Engineer, Java",2025-05-26T09:05:18+00:00
Administrative Executive,Prime Design & Build,"Sys Admin, Design, Executive, Admin, Virtual Assistant, Other, Non Tech",2025-04-19T14:29:22+00:00
Senior Software Engineer,Emergent Software,"Software, Design, React, Front End, Training, Consulting, Technical, UX, Code, Web, Scrum, DevOps, JavaScript, Cloud, Microsoft, Mobile, Management, Lead, Senior, Healthcare, Engineer, Engineering, Backend",2025-04-12T16:01:56+00:00
Full Stack Developer,Incyte Studios,"Engineer, Full Stack",2025-04-06T00:00:05+00:00
Senior Python Backend Engineer,Orga AI,"Python, Senior, Backend, Ops, Startup, AWS",2025-06-26T11:26:17+00:00
Senior Backend Engineer,HockeyStack,"JavaScript, Backend, API, Engineer",2025-06-26T00:00:06+00:00
Software Engineer,Jump,"Engineer, Full Time, API",2025-06-25T17:17:07+00:00
React Native Developer,Interviews Chat,React Native,2025-06-25T17:36:57+00:00
Senior Fullstack Developer,Swipe Games,"Front End, Backend, Full Stack, JavaScript, Node, React",2025-06-24T09:44:52+00:00
Senior Full Stack Developer,Zammad,"Full Stack, Full Time",2025-06-23T00:00:05+00:00
Senior Full Stack Engineer,AMK Solutions,,2025-06-19T02:33:42+00:00
Founding Engineer,Teracy,Full Stack,2025-06-18T22:44:47+00:00
Senior AI Engineer Python & LLM Engineer,Lemon.io,"Python, AWS, GCP, Azure, Openai, Llm, JavaScript, React, Ruby, React Native, Node, Blockchain, Svelte, Ui/ux, Design, Product Design, Shopify, Typescript, Figma, Wordpress, Engineer, Senior, English, Backend, Full Time, Remote",2025-06-17T14:32:25+00:00
Lead Data Engineer,Open Architects,"Engineer, DevOps, Python, Data, DataOps",2025-06-02T22:32:54+00:00
Javascript Fullstack Engineer Senior,Lumenalta,"Engineer, JavaScript",2025-06-08T00:00:07+00:00
Software Engineer,ControlShift,"Ruby, Vue",2025-06-06T16:04:08+00:00
Tech Cofounder CTO,Founders Factory,"Full Stack, API, Engineer, Senior, Mobile",2025-05-29T11:44:49+00:00
Senior React Native SDK Engineer,Nami ML,"JavaScript, React Native, Mobile, Typescript",2025-05-29T22:36:46+00:00
Senior Account Lead,Sanctuary Computer,"Executive, Sys Admin, SaaS, DevOps",2025-05-26T15:46:29+00:00
Spanish Speaking Software Support Engineer,Payara,"Engineer, Java",2025-05-26T09:05:18+00:00
Administrative Executive,Prime Design & Build,"Sys Admin, Design, Executive, Admin, Virtual Assistant, Other, Non Tech",2025-04-19T14:29:22+00:00
Senior Software Engineer,Emergent Software,"Software, Design, React, Front End, Training, Consulting, Technical, UX, Code, Web, Scrum, DevOps, JavaScript, Cloud, Microsoft, Mobile, Management, Lead, Senior, Healthcare, Engineer, Engineering, Backend",2025-04-12T16:01:56+00:00
Full Stack Developer,Incyte Studios,"Engineer, Full Stack",2025-04-06T00:00:05+00:00
